idPaiement,datePaiement,montantPaye,numeroFacture
1,2026-01-16,1500.00,FACT-2026-001
2,2026-02-22,1000.00,FACT-2026-002
3,2026-03-12,2000.00,FACT-2026-003
4,2026-01-26,1200.00,FACT-2026-004
5,2026-04-12,1400.00,FACT-2026-005
6,2026-03-02,1800.00,FACT-2026-006
7,2026-03-22,500.00,FACT-2026-007
8,2026-02-10,2000.00,FACT-2026-008
9,2026-05-12,3000.00,FACT-2026-009
10,2026-02-20,1000.00,FACT-2026-010
